{
    "Content": [
        {
            "PositionAndRotation": {
                "x": -2.140000104904175,
                "y": 0.15999996662139893,
                "z": 0.0
            },
            "Type": 1,
            "Radius": 0.0
        },
        {
            "PositionAndRotation": {
                "x": 0.17000000178813935,
                "y": 0.23999999463558198,
                "z": 0.0
            },
            "Type": 0,
            "Radius": 0.0
        },
        {
            "PositionAndRotation": {
                "x": 0.04999995231628418,
                "y": 0.019999921321868898,
                "z": 0.0
            },
            "Type": 2,
            "Radius": 3.0
        },
        {
            "PositionAndRotation": {
                "x": 2.619999885559082,
                "y": 0.2399999499320984,
                "z": 0.0
            },
            "Type": 0,
            "Radius": 0.0
        }
    ]
}