{
    "Content": [
        {
            "PositionAndRotation": {
                "x": -2.7100000381469728,
                "y": 1.4700000286102296,
                "z": 0.0
            },
            "Type": 2,
            "Radius": 1.7999999523162842
        },
        {
            "PositionAndRotation": {
                "x": 0.031741976737976077,
                "y": -1.0299999713897706,
                "z": 0.0
            },
            "Type": 0,
            "Radius": 0.0
        },
        {
            "PositionAndRotation": {
                "x": 2.7100000381469728,
                "y": 1.4700000286102296,
                "z": 0.0
            },
            "Type": 2,
            "Radius": 1.7999999523162842
        },
        {
            "PositionAndRotation": {
                "x": 0.0,
                "y": -3.2899999618530275,
                "z": 0.0
            },
            "Type": 3,
            "Radius": 0.0
        }
    ]
}