{
    "Content": [
        {
            "PositionAndRotation": {
                "x": 4.639999866485596,
                "y": 2.0799999237060549,
                "z": 0.0
            },
            "Type": 0,
            "Radius": 0.0
        },
        {
            "PositionAndRotation": {
                "x": 0.0,
                "y": 0.0,
                "z": 0.0
            },
            "Type": 2,
            "Radius": 8.0
        },
        {
            "PositionAndRotation": {
                "x": 1.3899999856948853,
                "y": -4.869999885559082,
                "z": 0.0
            },
            "Type": 0,
            "Radius": 0.0
        },
        {
            "PositionAndRotation": {
                "x": -5.769999980926514,
                "y": 2.4700000286102297,
                "z": 0.0
            },
            "Type": 0,
            "Radius": 0.0
        }
    ]
}