{
    "Content": [
        {
            "PositionAndRotation": {
                "x": 0.9700000286102295,
                "y": -0.699999988079071,
                "z": 0.0
            },
            "Type": 0,
            "Radius": 0.0
        },
        {
            "PositionAndRotation": {
                "x": 2.75,
                "y": 0.0,
                "z": 0.0
            },
            "Type": 2,
            "Radius": 1.0
        },
        {
            "PositionAndRotation": {
                "x": -2.75,
                "y": 0.0,
                "z": 0.0
            },
            "Type": 2,
            "Radius": 1.0
        },
        {
            "PositionAndRotation": {
                "x": -0.7300000190734863,
                "y": 0.3400000035762787,
                "z": 0.0
            },
            "Type": 0,
            "Radius": 0.0
        }
    ]
}