{
    "Content": [
        {
            "PositionAndRotation": {
                "x": -1.6299999952316285,
                "y": 0.15999996662139893,
                "z": 0.0
            },
            "Type": 1,
            "Radius": 0.0
        },
        {
            "PositionAndRotation": {
                "x": 2.2300000190734865,
                "y": 1.7300000190734864,
                "z": 0.0
            },
            "Type": 0,
            "Radius": 0.0
        },
        {
            "PositionAndRotation": {
                "x": 0.0,
                "y": 0.0,
                "z": 0.0
            },
            "Type": 2,
            "Radius": 3.0
        },
        {
            "PositionAndRotation": {
                "x": 2.2300000190734865,
                "y": -1.2200000286102296,
                "z": 0.0
            },
            "Type": 0,
            "Radius": 0.0
        }
    ]
}