{
    "Content": [
        {
            "PositionAndRotation": {
                "x": 1.3700000047683716,
                "y": 0.05000000074505806,
                "z": 70.44224548339844
            },
            "Type": 0,
            "Radius": 0.0
        },
        {
            "PositionAndRotation": {
                "x": -1.1699999570846558,
                "y": 0.0,
                "z": 326.329833984375
            },
            "Type": 0,
            "Radius": 0.0
        },
        {
            "PositionAndRotation": {
                "x": 0.0,
                "y": 0.0,
                "z": 0.0
            },
            "Type": 2,
            "Radius": 2.940000057220459
        }
    ]
}