{
    "Content": [
        {
            "PositionAndRotation": {
                "x": -3.708869695663452,
                "y": 0.511856198310852,
                "z": 0.0
            },
            "Type": 0,
            "Radius": 0.0
        },
        {
            "PositionAndRotation": {
                "x": 0.33000001311302187,
                "y": -3.0899999141693117,
                "z": 0.0
            },
            "Type": 0,
            "Radius": 0.0
        },
        {
            "PositionAndRotation": {
                "x": 0.0,
                "y": 0.0,
                "z": 0.0
            },
            "Type": 2,
            "Radius": 4.909999847412109
        },
        {
            "PositionAndRotation": {
                "x": 3.369999885559082,
                "y": 0.6700000166893005,
                "z": 0.0
            },
            "Type": 0,
            "Radius": 0.0
        }
    ]
}