{
    "Content": [
        {
            "PositionAndRotation": {
                "x": -0.04410707950592041,
                "y": 0.01601359248161316,
                "z": 0.0
            },
            "Type": 2,
            "Radius": 2.0
        },
        {
            "PositionAndRotation": {
                "x": -3.711907386779785,
                "y": 0.16571974754333497,
                "z": 0.0
            },
            "Type": 0,
            "Radius": 0.0
        },
        {
            "PositionAndRotation": {
                "x": 2.940000057220459,
                "y": 2.0,
                "z": 3.6173133850097658
            },
            "Type": 1,
            "Radius": 0.0
        },
        {
            "PositionAndRotation": {
                "x": 2.940000057220459,
                "y": -2.0,
                "z": 0.0
            },
            "Type": 3,
            "Radius": 0.0
        }
    ]
}