{
    "Content": [
        {
            "PositionAndRotation": {
                "x": 1.0700000524520875,
                "y": 0.6700000166893005,
                "z": 44.49491500854492
            },
            "Type": 0,
            "Radius": 0.0
        },
        {
            "PositionAndRotation": {
                "x": 2.0,
                "y": 0.0,
                "z": 0.0
            },
            "Type": 2,
            "Radius": 3.0
        },
        {
            "PositionAndRotation": {
                "x": -2.0,
                "y": 0.0,
                "z": 0.0
            },
            "Type": 2,
            "Radius": 3.0
        },
        {
            "PositionAndRotation": {
                "x": -1.2999999523162842,
                "y": -1.1399999856948853,
                "z": 350.7926330566406
            },
            "Type": 0,
            "Radius": 0.0
        }
    ]
}