{
    "Content": [
        {
            "PositionAndRotation": {
                "x": 0.0,
                "y": 1.940000057220459,
                "z": 0.0
            },
            "Type": 2,
            "Radius": 2.299999952316284
        },
        {
            "PositionAndRotation": {
                "x": 1.7999999523162842,
                "y": -1.4500000476837159,
                "z": 0.0
            },
            "Type": 2,
            "Radius": 2.299999952316284
        },
        {
            "PositionAndRotation": {
                "x": -1.7999999523162842,
                "y": -1.4500000476837159,
                "z": 0.0
            },
            "Type": 2,
            "Radius": 2.299999952316284
        },
        {
            "PositionAndRotation": {
                "x": 0.0,
                "y": 0.0,
                "z": 0.0
            },
            "Type": 0,
            "Radius": 0.0
        }
    ]
}