{
    "Content": [
        {
            "PositionAndRotation": {
                "x": 0.0,
                "y": 0.0,
                "z": 0.0
            },
            "Type": 2,
            "Radius": 1.9500000476837159
        },
        {
            "PositionAndRotation": {
                "x": -1.744901180267334,
                "y": 1.5099328756332398,
                "z": 0.0
            },
            "Type": 0,
            "Radius": 0.0
        }
    ]
}